<?xml version="1.0" encoding="utf-8"?>
<prefix name="googlelocation" label="Google Map Location" language_tag="en" language_label="English"><key name="admin_page_heading"><value>Location - Plugin Settings</value></key><key name="api_key"><value>API Key</value></key><key name="api_key_description"><value>&lt;b&gt;This is not required field.&lt;/b&gt;&#13;
&lt;br/&gt;&lt;br/&gt;&#13;
All Google Maps API applications* should load the Maps API using an API key.&lt;br/&gt;&lt;br/&gt; Using an API key enables you to monitor your application's Maps API usage, and ensures that Google can contact you about your application if necessary.&lt;br/&gt;&lt;br/&gt;&#13;
Follow this &lt;a href="https://developers.google.com/maps/documentation/javascript/tutorial"&gt;link&lt;/a&gt; to read more information</value></key><key name="api_key_too_long"><value>Invalid API key</value></key><key name="general_settings"><value>General Settings</value></key><key name="googlemap_location_search_invitation"><value>town/district/zip</value></key><key name="kms_from"><value>kms from</value></key><key name="map_page_heading"><value>Map</value></key><key name="miles_from"><value>miles from</value></key><key name="settings_updated"><value>Settings updated</value></key><key name="users_map_menu_item"><value>Map</value></key></prefix>
