<?xml version="1.0" encoding="utf-8"?>
<prefix name="skadateios" label="Skadate iOS App" language_tag="en" language_label="English"><key name="action_not_available"><value>This option is disabled</value></key><key name="admin_settings"><value>Skadate IOS</value></key><key name="ads_desc"><value>To activate AdMob in iOS App you need to indicate your Ad Unit ID. &lt;a href="{$manualUrl}" target="_blank"&gt;Click here&lt;/a&gt; to learn how to acquire it.</value></key><key name="ads_label"><value>Ad Unit ID</value></key><key name="ads_settings"><value>Admob network</value></key><key name="app_promo"><value>App promotion</value></key><key name="app_url_desc"><value>Generic App URL by default</value></key><key name="app_url_label"><value>App URL</value></key><key name="billing_settings"><value>Skadate IOS Itunes API settings</value></key><key name="flurry_key_desc"><value>To obtain free Flurry API keys for your applications, please &lt;a href="https://dev.flurry.com/secure/login.do" target="_blank"&gt;sign in&lt;/a&gt; to your Flurry Analytics account, or sign up for a free account if you don’t have it; Proceed with creation of &lt;a href="https://dev.flurry.com/iphone_createProject.do"target="_blank"&gt;API key for iOS platform&lt;/a&gt;.&#13;
&lt;br /&gt;&lt;br /&gt;&#13;
By enabling Flurry Analytics you will be able to obtain basic apps user tracking statistics. To receive tracking for user credits/memberships conversions you need to have in-app purchases enabled, which is done through performing or ordering &lt;a href="http://www.skadate.com/skadate-app-customization-information.php" target="_blank"&gt;Basic Customization Service&lt;/a&gt;.</value></key><key name="flurry_key_label"><value>Flurry iOS API KEY</value></key><key name="gateway_title"><value>iOS In-App Purchase</value></key><key name="illegal"><value>Illegal</value></key><key name="itunes_mode_live"><value>Live</value></key><key name="itunes_mode_test"><value>Test</value></key><key name="menu_ads_label"><value>Ads</value></key><key name="menu_analytics_label"><value>Analytics</value></key><key name="menu_settings_label"><value>Settings</value></key><key name="offensive"><value>Offensive</value></key><key name="settings_billing_enable_description"><value>Basic Customization is required to enable in-app purchases. Contact SkaDate Support to request Basic Customization service.</value></key><key name="settings_billing_enable_label"><value>Enable/disable in-app purchases</value></key><key name="settings_itunes_mode_label"><value>Itunes Mode</value></key><key name="settings_itunes_secret_label"><value>Itunes Shared Secret</value></key><key name="settings_saved"><value>Settings were saved</value></key><key name="smart_banner_desc"><value>Promote your App for any visitor using iOS</value></key><key name="smart_banner_label"><value>Smart banner</value></key><key name="spam"><value>SPAM</value></key><key name="user_reported_notification_html"><value>&lt;p&gt;Content posted by a site user has been flagged as inappropriate (illegal, offensive, spam, or otherwise breaching the site’s TOS). Please take immediate action by reviewing the reported profile, removing all offensive content and banning the offending user if necessary.&lt;/p&gt;&#13;
&#13;
&lt;p&gt;Flagged profile: {$userUrl}&lt;br /&gt;&#13;
Report reason: {$reason}&lt;br /&gt;&#13;
Report submitted by: {$reportedUserUrl}&lt;/p&gt;</value></key><key name="user_reported_notification_text"><value>Content posted by a site user has been flagged as inappropriate (illegal, offensive, spam, or otherwise breaching the site’s TOS). Please take immediate action by reviewing the reported profile, removing all offensive content and banning the offending user if necessary.&#13;
&#13;
Flagged profile: {$userUrl}&#13;
Report reason: {$reason}&#13;
Report submitted by: {$reportedUserUrl}</value></key><key name="user_reported_subject"><value>Flagged Content Report</value></key></prefix>
