<?xml version="1.0" encoding="utf-8"?>
<prefix name="photver" label="Photo Verification_269252_skalfa" language_tag="en" language_label="English"><key name="added_label"><value>Added</value></key><key name="admin_approve_button"><value>aprove</value></key><key name="admin_decline_button"><value>Decline</value></key><key name="approve_confirmation_floatbox"><value>APPROVE CONFIRMATION</value></key><key name="approve_confirmation_text_floatbox"><value>Do you really want to approve this user?</value></key><key name="decline_confirmation_floatbox"><value>Decline confirmation</value></key><key name="decline_confirmation_text_floatbox"><value>Do you really want to decline this user?</value></key><key name="decline_reason_placeholder"><value>Reason_of the decline</value></key><key name="for_approve_title"><value>Users for approving</value></key><key name="no_users_found"><value>No users to approve</value></key><key name="Photos"><value>Photo verification</value></key><key name="photo_id_field_description"><value>Please upload a photo of you with the following text in hands: VVIPMEET I AM REAL</value></key><key name="photo_label"><value>Your photo</value></key><key name="photo_section"><value>Photo</value></key><key name="photo_verification_label"><value>Photo verification</value></key><key name="section_ID_name"><value>Photo verification</value></key><key name="user_approved_feedback"><value>User has been approved</value></key><key name="user_declined_feedback"><value>User has been declined</value></key></prefix>
