<?xml version="1.0" encoding="utf-8"?>
<prefix name="lpage" label="Landing page" language_tag="en" language_label="English"><key name="admin_section_label"><value>Settings</value></key><key name="admin_settings_heading"><value>Landing Page settings</value></key><key name="admin_uninstall_blocked_heading"><value>Landing Page uninstall</value></key><key name="deactivate_blocked"><value>You can't deactivate the plugin.</value></key><key name="html_code_value"><value>&lt;div style="height:300px;background:red;text-align:center;padding-top:300px;font-size:30px;"&gt;TEST&lt;/div</value></key><key name="settings_bg_code_desc"><value>Change your landing page background image. Image minimal size: 1920x1080 px.</value></key><key name="settings_bg_code_label"><value>Image</value></key><key name="settings_html_code_desc"><value>HTML allowed</value></key><key name="settings_html_code_label"><value>Landing page code</value></key><key name="settings_label_desc"><value>Change your welcome text.</value></key><key name="settings_label_label"><value>Text</value></key><key name="settings_logo_code_desc"><value>Change your landing page logo. Logo maximum height: 68 px.</value></key><key name="settings_logo_code_label"><value>Logo</value></key><key name="uninstall_blocked"><value>You can't uninstall the plugin.</value></key></prefix>
